{
  "bm": "组织",
  "rysz": "人员选择",
  "zzxx": "组织选择",
  "zdyz": "自定义组",
  "zmc": "组名称",
  "bxsrzmc": "必须输入组名称",
  "trzmc": "填入组名称",
  "zy": "职员：",
  "dr": "导入",
  "drzy": "导入职员",
  "bzsm": "备注说明：",
  "sfbsc": "是否被删除：",
  "qsrgjzss": "输入关键字搜索：",
  "xzyg": "选择人员：",
  "bccg": "保存成功",
  "sccg": "删除成功",
  "xzbq": "新增标签",
  "bc": "保存",
  "qd": "确定",
  "sz": "设置",
  "xz": "新增",
  "ts": "提示",
  "qx": "取消",
  "mc": "名称",
  "cz": "操作",
  "cmm": "重命名",
  "sc": "删除",
  "bccyhwmb": "保存此用户群为模板",
  "ytj": "已添加",
  "gtjhktj": "个条件，还可添加",
  "ge": "个",
  "ywksxtj": "已无可选筛选条件！",
  "sxtjymsg": "筛选条件已满10个",
  "qsrmbmc": "请输入模板名称",
  "qsrmbmczdgzf": "请输入模板名称,最多50个字符",
  "yhqxz": "用户群选择",
  "zjsxtj": "增加筛选条件",
  "stjdyhqxytsmzyxqb": "所添加的用户群需要同时满足以下全部",
  "xzmb": "选择模板",
  "nqdysc": "你确定要删除",
  "yhqm": "用户群吗",
  "yhqmc": "用户群名称",
  "ysxtj": "已筛选条件",
  "xzkjyhq": "选择用户群",
  "xzyhq": "新增用户群",
  "cmbxztj": "从模板选择添加",
  "xzkjry": "选择人员",
  "xzry": "新增人员",
  "drry": "导入人员",
  "scqb": "删除全部",
  "qsrgjcssyxry": "请输入关键词搜索已选人员",
  "gong": "共",
  "tshcgdr": "条数据：成功导入",
  "tdrsb": "条，导入失败",
  "tiao": "条。",
  "nqdyscsyyxrym": "你确定要删除所有已选人员吗？",
  "knyxbhrx": "可能原因包含如下：",
  "htzwjdcqyscdjxz": "或拖拽文件到此区域上传，点击下载",
  "ryxxtxmb": "人员信息填写模板",
  "xzwj": "选择文件",
  "qr": "确认",
  "bqmyssdgy": "抱歉 没有搜索到关于",
  "dry": "'的人员",
  "yxry": "已选人员",
  "qxsz": "权限设置",
  "zwnr": "暂无内容",
  "mbmcbnwk": "模板名称不能为空",
  "zdkyxzgkjry": "最多可以选择500个可见人员",
  "mykxx": "没有可选项",
  "sjzzjzz": "数据正在加载中",
  "wdjxz": "我的教学组",
  "qxzzzbq": "请选择组织标签",
  "bx": "不限",
  "scryxxksdrry": "上传人员信息文件快速导入人员",
  "djxz": "点击下载",
  "scwj": "上传文件",
  "djhtzwjdcsc": "点击或拖拽文件到此次上传",
  "dqjzcscygexcelgsdwj": "当前仅支持上传一个excel格式的文件",
  "gtsj": "共{0}条数据",
  "cgdr": "成功导入",
  "drsb": "导入失败",
  "wsymubjxtxsjwnsbd": "未使用模板进行填写、数据未能识别等",
  "tiaoAlone": "条",
  "tihuan": "替换",
  "yixuan": "已选",
  "ren": "人",
  "ztxsr": "最多显示{0}人",
  "zzcy": "组织成员",
  "shibai": "失败",
  "quznxuan": "全选",
  "quanbushasdch": "全部删除",
  "srgjcss": "输入关键词搜索",
  "kexzyxyzhdzfstjry": "可以选择以下一种或多种方式添加人员",
  "zksy": "展开所有",
  "sqsy": "收起所有",
  "sjjzz": "数据正在加载中",
  "arytj": "按人员添加",
  "xzytjdry": "选择要添加的人员",
  "azztj": "按组织添加",
  "xzzzjtjzznsyry": "选择组织即添加组织内所有人员",
  "gjtjkssxcfhtjdryhqt": "根据条件快速筛选出符合条件的人员或群体：",
  "atjtj": "按条件添加",
  "scryxxwjksdrry": "上传人员信息文件快速导入人员",
  "yx": "已选",
  "ydr": "已导入",
  "rzdxsr": "最多显示{0}人",
  "r": "人",
  "qtmc": "群体名称",
  "sxtj": "筛选条件",
  "ckry": "查看人员",
  "bj": "编辑",
  "bq": "并且",
  "qrscgqt": "确定删除该群体？",
  "bjqt": "编辑群体",
  "bjtj": "编辑条件",
  "cyytjztj": "从已有条件中添加",
  "xztj": "新增条件",
  "tj": "添加",
  "bcwcytj": "保存为常用条件",
  "srgjzss": "输入关键词搜索",
  "qtjtj": "请添加条件",
  "tjms": "条件描述",
  "ywktjtj": "已无可添加条件",
  "qbqc": "全部清除",
  "qxztjmb": "请选择条件模板",
  "qxzymzdtj": "请选择{0}应满足的条件",
  "zuzgdsr": "{0}个组织",
  "jiren": "{0}人",
  "qxzx": "请选择{0}",
  "kxtjgxgytjsykxtjwfjxtj": "可选条件共{0}个，已添加所有可选条件，无法继续添加",
  "gqtrsw0": "该群体人数为0！",
  "zdktjg": "最多可添加{0}个"
}
